nomisUsername,name,email
ROGER_SMITH_FAKE,Roger Smith (Fake),roger.smith@fake.example.com
SARAH_JONES_FAKE,Sarah Jones (Fake),sarah.jones@fake.example.com
HILARY_HUGHES_FAKE,Hilary Hughes (Fake),hilary.hughes@fake.example.com
POM_USER,Prison Officer,prison.officer@fake.example.com
CAS2_LICENCE_USER,Licence Case-Admin,licence.case.admin@fake.example.com
CAS2V2_NOMIS_PB,Nick Nomis-Bail,nick.bail@example.com